Date,Total,Desktop site,Mobile site,Zero site
2008-01-01,0,0,,
2008-01-02,0,0,,
2008-01-03,0,0,,
2008-01-04,0,0,,
2008-01-05,0,0,,
2008-01-06,0,0,,
2008-01-07,0,0,,
2008-01-08,0,0,,
2008-01-09,0,0,,
2008-01-10,0,0,,
2008-01-11,0,0,,
2008-01-12,0,0,,
2008-01-13,0,0,,
2008-01-14,0,0,,
2008-01-15,0,0,,
2008-01-16,0,0,,
2008-01-17,0,0,,
2008-01-18,0,0,,
2008-01-19,0,0,,
2008-01-20,0,0,,
2008-01-21,0,0,,
2008-01-22,0,0,,
2008-01-23,0,0,,
2008-01-24,0,0,,
2008-01-25,0,0,,
2008-01-26,0,0,,
2008-01-27,0,0,,
2008-01-28,0,0,,
2008-01-29,0,0,,
2008-01-30,0,0,,
2008-01-31,0,0,,
2008-02-01,0,0,,
2008-02-02,0,0,,
2008-02-03,0,0,,
2008-02-04,0,0,,
2008-02-05,0,0,,
2008-02-06,0,0,,
2008-02-07,0,0,,
2008-02-08,0,0,,
2008-02-09,0,0,,
2008-02-10,0,0,,
2008-02-11,0,0,,
2008-02-12,0,0,,
2008-02-13,0,0,,
2008-02-14,0,0,,
2008-02-15,0,0,,
2008-02-16,0,0,,
2008-02-17,0,0,,
2008-02-18,0,0,,
2008-02-19,0,0,,
2008-02-20,0,0,,
2008-02-21,0,0,,
2008-02-22,0,0,,
2008-02-23,0,0,,
2008-02-24,0,0,,
2008-02-25,0,0,,
2008-02-26,0,0,,
2008-02-27,0,0,,
2008-02-28,0,0,,
2008-02-29,0,0,,
2008-03-01,0,0,,
2008-03-02,0,0,,
2008-03-05,0,0,,
2008-03-06,0,0,,
2008-03-07,0,0,,
2008-03-08,0,0,,
2008-03-09,0,0,,
2008-03-10,0,0,,
2008-03-11,0,0,,
2008-03-12,0,0,,
2008-03-13,0,0,,
2008-03-14,0,0,,
2008-03-15,0,0,,
2008-03-16,0,0,,
2008-03-17,0,0,,
2008-03-18,0,0,,
2008-03-19,0,0,,
2008-03-20,0,0,,
2008-03-21,0,0,,
2008-03-22,0,0,,
2008-03-23,0,0,,
2008-03-24,0,0,,
2008-03-25,0,0,,
2008-03-26,0,0,,
2008-03-27,0,0,,
2008-03-28,0,0,,
2008-03-29,0,0,,
2008-03-30,0,0,,
2008-03-31,0,0,,
2008-04-01,0,0,,
2008-04-02,0,0,,
2008-04-03,0,0,,
2008-04-04,0,0,,
2008-04-05,0,0,,
2008-04-06,0,0,,
2008-04-07,0,0,,
2008-04-08,0,0,,
2008-04-09,0,0,,
2008-04-10,0,0,,
2008-04-11,0,0,,
2008-04-12,0,0,,
2008-04-13,0,0,,
2008-04-14,0,0,,
2008-04-15,0,0,,
2008-04-16,0,0,,
2008-04-17,0,0,,
2008-04-18,0,0,,
2008-04-19,0,0,,
2008-04-20,0,0,,
2008-04-21,0,0,,
2008-04-22,0,0,,
2008-04-23,0,0,,
2008-04-24,0,0,,
2008-04-25,0,0,,
2008-04-26,0,0,,
2008-04-27,0,0,,
2008-04-28,0,0,,
2008-04-29,0,0,,
2008-04-30,0,0,,
2008-05-01,0,0,,
2008-05-02,0,0,,
2008-05-03,0,0,,
2008-05-04,0,0,,
2008-05-05,0,0,,
2008-05-06,0,0,,
2008-05-07,0,0,,
2008-05-08,0,0,,
2008-05-09,0,0,,
2008-05-10,0,0,,
2008-05-11,0,0,,
2008-05-12,0,0,,
2008-05-13,0,0,,
2008-05-14,0,0,,
2008-05-15,0,0,,
2008-05-16,0,0,,
2008-05-17,612,612,,
2008-05-18,583,583,,
2008-05-19,1175,1175,,
2008-05-20,699,699,,
2008-05-21,606,606,,
2008-05-22,681,681,,
2008-05-23,1105,1105,,
2008-05-24,661,661,,
2008-05-25,692,692,,
2008-05-26,864,864,,
2008-05-27,619,619,,
2008-05-28,621,621,,
2008-05-29,711,711,,
2008-05-30,757,757,,
2008-05-31,796,796,,
2008-06-01,1034,1034,,
2008-06-02,529,529,,
2008-06-03,157,157,,
2008-06-04,814,814,,
2008-06-05,659,659,,
2008-06-06,898,898,,
2008-06-07,179,179,,
2008-06-08,1187,1187,,
2008-06-09,338,338,,
2008-06-10,794,794,,
2008-06-11,1211,1211,,
2008-06-12,658,658,,
2008-06-13,647,647,,
2008-06-14,1341,1341,,
2008-06-15,1080,1080,,
2008-06-16,533,533,,
2008-06-17,530,530,,
2008-06-18,207,207,,
2008-06-19,1101,1101,,
2008-06-20,869,869,,
2008-06-21,669,669,,
2008-06-22,660,660,,
2008-06-23,1505,1505,,
2008-06-24,852,852,,
2008-06-25,720,720,,
2008-06-26,540,540,,
2008-06-27,1442,1442,,
2008-06-28,1755,1755,,
2008-06-29,1538,1538,,
2008-06-30,1107,1107,,
2008-07-01,998,998,,
2008-07-02,1003,1003,,
2008-07-03,522,522,,
2008-07-04,1466,1466,,
2008-07-05,508,508,,
2008-07-06,1199,1199,,
2008-07-07,543,543,,
2008-07-08,570,570,,
2008-07-09,1173,1173,,
2008-07-10,569,569,,
2008-07-11,588,588,,
2008-07-12,657,657,,
2008-07-13,509,509,,
2008-07-14,736,736,,
2008-07-15,594,594,,
2008-07-16,714,714,,
2008-07-17,1126,1126,,
2008-07-18,229,229,,
2008-07-19,211,211,,
2008-07-20,760,760,,
2008-07-21,211,211,,
2008-07-22,426,426,,
2008-07-23,836,836,,
2008-07-24,999,999,,
2008-07-25,735,735,,
2008-07-26,798,798,,
2008-07-27,1187,1187,,
2008-07-28,947,947,,
2008-07-29,1054,1054,,
2008-07-30,1069,1069,,
2008-07-31,186,186,,
2008-08-01,1217,1217,,
2008-08-02,1015,1015,,
2008-08-03,203,203,,
2008-08-04,711,711,,
2008-08-05,617,617,,
2008-08-06,1232,1232,,
2008-08-07,674,674,,
2008-08-08,291,291,,
2008-08-09,1294,1294,,
2008-08-10,953,953,,
2008-08-11,638,638,,
2008-08-12,601,601,,
2008-08-13,224,224,,
2008-08-14,629,629,,
2008-08-15,1226,1226,,
2008-08-16,145,145,,
2008-08-17,654,654,,
2008-08-18,717,717,,
2008-08-19,927,927,,
2008-08-20,118,118,,
2008-08-21,1408,1408,,
2008-08-22,755,755,,
2008-08-23,311,311,,
2008-08-24,1501,1501,,
2008-08-25,959,959,,
2008-08-26,982,982,,
2008-08-27,1035,1035,,
2008-08-28,1715,1715,,
2008-08-29,813,813,,
2008-08-30,494,494,,
2008-08-31,771,771,,
2008-09-01,479,479,,
2008-09-02,429,429,,
2008-09-03,154,154,,
2008-09-04,1051,1051,,
2008-09-05,603,603,,
2008-09-06,617,617,,
2008-09-07,73,73,,
2008-09-08,805,805,,
2008-09-09,543,543,,
2008-09-10,584,584,,
2008-09-11,130,130,,
2008-09-12,1166,1166,,
2008-09-13,652,652,,
2008-09-14,1019,1019,,
2008-09-15,852,852,,
2008-09-16,643,643,,
2008-09-17,170,170,,
2008-09-18,1011,1011,,
2008-09-19,650,650,,
2008-09-20,150,150,,
2008-09-21,900,900,,
2008-09-22,801,801,,
2008-09-23,125,125,,
2008-09-24,937,937,,
2008-09-25,1069,1069,,
2008-09-26,817,817,,
2008-09-27,831,831,,
2008-09-28,606,606,,
2008-09-29,249,249,,
2008-10-01,860,860,,
2008-10-02,100,100,,
2008-10-03,1570,1570,,
2008-10-04,1003,1003,,
2008-10-05,868,868,,
2008-10-06,1542,1542,,
2008-10-07,1215,1215,,
2008-10-08,1166,1166,,
2008-10-09,915,915,,
2008-10-10,584,584,,
2008-10-11,403,403,,
2008-10-12,1101,1101,,
2008-10-13,989,989,,
2008-10-14,1212,1212,,
2008-10-15,1017,1017,,
2008-10-16,1075,1075,,
2008-10-17,576,576,,
2008-10-18,1426,1426,,
2008-10-19,1205,1205,,
2008-10-20,1451,1451,,
2008-10-23,218,218,,
2008-10-24,197,197,,
2008-10-25,212,212,,
2008-10-26,85,85,,
2008-10-27,105,105,,
2008-10-28,139,139,,
2008-10-29,159,159,,
2008-10-30,200,200,,
2008-10-31,260,260,,
2008-11-01,347,347,,
2008-11-02,215,215,,
2008-11-03,299,299,,
2008-11-04,119,119,,
2008-11-05,135,135,,
2008-11-06,222,222,,
2008-11-07,134,134,,
2008-11-08,199,199,,
2008-11-09,373,373,,
2008-11-10,309,309,,
2008-11-11,146,146,,
2008-11-12,399,399,,
2008-11-13,288,288,,
2008-11-14,2626,2626,,
2008-11-15,495,495,,
2008-11-16,752,752,,
2008-11-17,73,73,,
2008-11-18,224,224,,
2008-11-19,310,310,,
2008-11-20,331,331,,
2008-11-21,591,591,,
2008-11-22,337,337,,
2008-11-23,565,565,,
2008-11-24,501,501,,
2008-11-25,256,256,,
2008-11-26,787,787,,
2008-11-27,1185,1185,,
2008-11-28,876,876,,
2008-11-29,326,326,,
2008-11-30,2170,2170,,
2008-12-01,616,616,,
2008-12-02,735,735,,
2008-12-03,700,700,,
2008-12-04,407,407,,
2008-12-05,364,364,,
2008-12-06,111,111,,
2008-12-07,513,513,,
2008-12-08,235,235,,
2008-12-09,410,410,,
2008-12-10,350,350,,
2008-12-11,324,324,,
2008-12-12,151,151,,
2008-12-13,120,120,,
2008-12-14,572,572,,
2008-12-15,527,527,,
2008-12-16,186,186,,
2008-12-17,296,296,,
2008-12-18,657,657,,
2008-12-19,238,238,,
2008-12-20,608,608,,
2008-12-21,815,815,,
2008-12-22,196,196,,
2008-12-23,763,763,,
2008-12-24,189,189,,
2008-12-25,707,707,,
2008-12-26,148,148,,
2008-12-27,828,828,,
2008-12-28,223,223,,
2008-12-29,617,617,,
2008-12-30,773,773,,
2008-12-31,654,654,,
2009-01-01,1005,1005,,
2009-01-02,349,349,,
2009-01-03,411,411,,
2009-01-04,323,323,,
2009-01-05,597,597,,
2009-01-06,113,113,,
2009-01-07,549,549,,
2009-01-08,314,314,,
2009-01-09,648,648,,
2009-01-10,271,271,,
2009-01-11,456,456,,
2009-01-12,438,438,,
2009-01-13,596,596,,
2009-01-14,431,431,,
2009-01-15,429,429,,
2009-01-16,194,194,,
2009-01-17,353,353,,
2009-01-18,594,594,,
2009-01-19,189,189,,
2009-01-20,397,397,,
2009-01-21,382,382,,
2009-01-22,192,192,,
2009-01-23,565,565,,
2009-01-24,258,258,,
2009-01-25,318,318,,
2009-01-26,346,346,,
2009-01-27,202,202,,
2009-01-28,511,511,,
2009-01-29,228,228,,
2009-01-30,221,221,,
2009-01-31,646,646,,
2009-02-01,171,171,,
2009-02-02,378,378,,
2009-02-03,201,201,,
2009-02-04,256,256,,
2009-02-05,237,237,,
2009-02-06,318,318,,
2009-02-07,301,301,,
2009-02-08,433,433,,
2009-02-09,297,297,,
2009-02-10,335,335,,
2009-02-11,168,168,,
2009-02-12,146,146,,
2009-02-13,351,351,,
2009-02-14,165,165,,
2009-02-15,392,392,,
2009-02-16,152,152,,
2009-02-17,199,199,,
2009-02-18,369,369,,
2009-02-19,488,488,,
2009-02-20,169,169,,
2009-02-21,202,202,,
2009-02-22,307,307,,
2009-02-23,143,143,,
2009-02-24,269,269,,
2009-02-25,299,299,,
2009-02-26,194,194,,
2009-02-27,372,372,,
2009-02-28,177,177,,
2009-03-01,228,228,,
2009-03-02,281,281,,
2009-03-03,318,318,,
2009-03-04,418,418,,
2009-03-05,624,624,,
2009-03-06,130,130,,
2009-03-07,401,401,,
2009-03-08,210,210,,
2009-03-09,421,421,,
2009-03-10,718,718,,
2009-03-11,786,786,,
2009-03-12,490,490,,
2009-03-13,464,464,,
2009-03-14,224,224,,
2009-03-15,261,261,,
2009-03-16,382,382,,
2009-03-17,296,296,,
2009-03-18,287,287,,
2009-03-19,225,225,,
2009-03-20,389,389,,
2009-03-21,443,443,,
2009-03-22,825,825,,
2009-03-23,513,513,,
2009-03-24,181,181,,
2009-03-25,387,387,,
2009-03-26,671,671,,
2009-03-27,710,710,,
2009-03-28,563,563,,
2009-03-29,432,432,,
2009-03-30,247,247,,
2009-03-31,507,507,,
2009-04-01,485,485,,
2009-04-02,338,338,,
2009-04-03,295,295,,
2009-04-04,176,176,,
2009-04-05,267,267,,
2009-04-06,323,323,,
2009-04-07,174,174,,
2009-04-08,234,234,,
2009-04-09,302,302,,
2009-04-10,437,437,,
2009-04-11,199,199,,
2009-04-12,396,396,,
2009-04-13,178,178,,
2009-04-14,365,365,,
2009-04-15,381,381,,
2009-04-16,492,492,,
2009-04-17,469,469,,
2009-04-18,354,354,,
2009-04-19,307,307,,
2009-04-20,327,327,,
2009-04-21,113,113,,
2009-04-22,318,318,,
2009-04-23,219,219,,
2009-04-24,280,280,,
2009-04-25,348,348,,
2009-04-26,106,106,,
2009-04-27,245,245,,
2009-04-28,346,346,,
2009-04-29,247,247,,
2009-04-30,233,233,,
2009-05-01,407,407,,
2009-05-02,143,143,,
2009-05-03,269,269,,
2009-05-04,236,236,,
2009-05-05,185,185,,
2009-05-06,371,371,,
2009-05-07,179,179,,
2009-05-08,383,383,,
2009-05-09,140,140,,
2009-05-10,321,321,,
2009-05-11,145,145,,
2009-05-12,411,411,,
2009-05-13,349,349,,
2009-05-14,257,257,,
2009-05-15,273,273,,
2009-05-16,336,336,,
2009-05-17,262,262,,
2009-05-18,271,271,,
2009-05-19,226,226,,
2009-05-20,1814,1814,,
2009-05-21,249,249,,
2009-05-22,320,320,,
2009-05-23,193,193,,
2009-05-24,168,168,,
2009-05-25,459,459,,
2009-05-26,270,270,,
2009-05-27,293,293,,
2009-05-28,382,382,,
2009-05-29,350,350,,
2009-05-30,234,234,,
2009-05-31,242,242,,
2009-06-01,119,119,,
2009-06-02,278,278,,
2009-06-03,346,346,,
2009-06-04,381,381,,
2009-06-05,322,322,,
2009-06-06,246,246,,
2009-06-07,269,269,,
2009-06-08,288,288,,
2009-06-09,282,282,,
2009-06-10,210,210,,
2009-06-11,295,295,,
2009-06-12,402,402,,
2009-06-13,588,588,,
2009-06-14,358,358,,
2009-06-15,331,331,,
2009-06-16,210,210,,
2009-06-17,312,312,,
2009-06-18,302,302,,
2009-06-19,234,234,,
2009-06-20,372,372,,
2009-06-21,111,111,,
2009-06-22,68,68,,
2009-06-23,231,231,,
2009-06-24,341,341,,
2009-06-25,369,369,,
2009-06-26,388,388,,
2009-06-27,234,234,,
2009-06-28,312,312,,
2009-06-29,120,120,,
2009-06-30,340,340,,
2009-07-01,294,294,,
2009-07-02,245,245,,
2009-07-03,217,217,,
2009-07-04,145,145,,
2009-07-05,164,164,,
2009-07-06,191,191,,
2009-07-07,197,197,,
2009-07-08,412,412,,
2009-07-09,405,405,,
2009-07-10,669,669,,
2009-07-11,444,444,,
2009-07-12,343,343,,
2009-07-13,414,414,,
2009-07-14,183,183,,
2009-07-15,193,193,,
2009-07-16,263,263,,
2009-07-17,322,322,,
2009-07-18,230,230,,
2009-07-19,435,435,,
2009-07-20,451,451,,
2009-07-21,702,702,,
2009-07-22,556,556,,
2009-07-23,531,531,,
2009-07-24,503,503,,
2009-07-25,410,410,,
2009-07-26,314,314,,
2009-07-27,706,706,,
2009-07-28,393,393,,
2009-07-29,434,434,,
2009-07-30,344,344,,
2009-07-31,449,449,,
2009-08-01,755,755,,
2009-08-02,221,221,,
2009-08-03,518,518,,
2009-08-04,438,438,,
2009-08-05,286,286,,
2009-08-06,637,637,,
2009-08-07,632,632,,
2009-08-08,456,456,,
2009-08-09,494,494,,
2009-08-10,514,514,,
2009-08-11,560,560,,
2009-08-12,355,355,,
2009-08-13,431,431,,
2009-08-14,659,659,,
2009-08-15,480,480,,
2009-08-16,686,686,,
2009-08-17,754,754,,
2009-08-18,600,600,,
2009-08-19,740,740,,
2009-08-20,447,447,,
2009-08-21,707,707,,
2009-08-22,766,766,,
2009-08-23,734,734,,
2009-08-24,755,755,,
2009-08-25,766,766,,
2009-08-26,210,210,,
2009-08-27,553,553,,
2009-08-28,621,621,,
2009-08-29,375,375,,
2009-08-30,569,569,,
2009-08-31,482,482,,
2009-09-01,404,404,,
2009-09-02,483,483,,
2009-09-03,484,484,,
2009-09-04,1329,1329,,
2009-09-05,1016,1016,,
2009-09-06,808,808,,
2009-09-07,581,581,,
2009-09-08,568,568,,
2009-09-09,444,444,,
2009-09-10,565,565,,
2009-09-11,586,586,,
2009-09-12,543,543,,
2009-09-13,565,565,,
2009-09-14,459,459,,
2009-09-15,546,546,,
2009-09-16,582,582,,
2009-09-17,323,323,,
2009-09-18,604,604,,
2009-09-19,601,601,,
2009-09-20,845,845,,
2009-09-21,426,426,,
2009-09-22,726,726,,
2009-09-23,645,645,,
2009-09-24,510,510,,
2009-09-25,408,408,,
2009-09-26,602,602,,
2009-09-27,579,579,,
2009-09-28,643,643,,
2009-09-29,986,986,,
2009-09-30,349,349,,
2009-10-01,290,290,,
2009-10-02,793,793,,
2009-10-03,753,753,,
2009-10-04,765,765,,
2009-10-05,387,387,,
2009-10-06,642,642,,
2009-10-07,682,682,,
2009-10-08,335,335,,
2009-10-09,679,679,,
2009-10-10,281,281,,
2009-10-11,787,787,,
2009-10-12,336,336,,
2009-10-13,714,714,,
2009-10-17,887,887,,
2009-10-18,605,605,,
2009-10-19,413,413,,
2009-10-20,604,604,,
2009-10-21,575,575,,
2009-10-22,761,761,,
2009-10-23,675,675,,
2009-10-24,344,344,,
2009-10-25,664,664,,
2009-10-26,711,711,,
2009-10-27,663,663,,
2009-10-28,802,802,,
2009-10-29,390,390,,
2009-10-30,760,760,,
2009-10-31,663,663,,
2009-11-01,592,592,,
2009-11-02,603,603,,
2009-11-03,395,395,,
2009-11-04,652,652,,
2009-11-05,686,686,,
2009-11-06,533,533,,
2009-11-07,543,543,,
2009-11-08,564,564,,
2009-11-09,412,412,,
2009-11-10,732,732,,
2009-11-11,738,738,,
2009-11-12,644,644,,
2009-11-13,327,327,,
2009-11-14,793,793,,
2009-11-15,626,626,,
2009-11-16,387,387,,
2009-11-17,599,599,,
2010-07-27,359,359,,
2010-07-28,224,224,,
2010-07-29,214,214,,
2010-07-30,209,209,,
2010-07-31,281,281,,
2010-08-01,408,408,,
2010-08-02,249,249,,
2010-08-03,191,191,,
2010-08-04,308,308,,
2010-08-05,225,225,,
2010-08-06,170,170,,
2010-08-07,259,259,,
2010-08-08,245,245,,
2010-08-09,573,573,,
2010-08-10,1837,1837,,
2010-08-11,299,299,,
2010-08-12,245,245,,
2010-08-13,249,249,,
2010-08-14,192,192,,
2010-08-15,272,272,,
2010-08-16,1330,1330,,
2010-08-17,249,249,,
2010-08-18,276,276,,
2010-08-19,253,253,,
2010-08-20,324,324,,
2010-08-21,227,227,,
2010-08-22,271,271,,
2010-08-23,259,259,,
2010-08-24,276,276,,
2010-08-25,370,370,,
2010-08-26,236,236,,
2010-08-27,220,220,,
2010-08-28,178,178,,
2010-08-29,168,168,,
2010-08-30,119,119,,
2010-08-31,139,139,,
2010-09-01,217,217,,
2010-09-02,173,173,,
2010-09-03,167,167,,
2010-09-04,214,214,,
2010-09-05,136,136,,
2010-09-06,173,173,,
2010-09-07,166,166,,
2010-09-08,187,187,,
2010-09-09,874,874,,
2010-09-10,1935,1935,,
2010-09-11,354,354,,
2010-09-12,291,291,,
2010-09-13,252,252,,
2010-09-14,261,261,,
2010-09-15,271,271,,
2010-09-16,324,324,,
2010-09-17,201,201,,
2010-09-18,223,223,,
2010-09-19,217,217,,
2010-09-20,253,253,,
2010-09-21,185,185,,
2010-09-22,214,214,,
2010-09-23,226,226,,
2010-09-24,199,199,,
2010-09-25,191,191,,
2010-09-26,166,166,,
2010-09-27,346,346,,
2010-09-28,191,191,,
2010-09-29,225,225,,
2010-09-30,496,496,,
2010-10-01,229,229,,
2010-10-02,197,197,,
2010-10-03,381,381,,
2010-10-04,232,232,,
2010-10-05,299,299,,
2010-10-06,196,196,,
2010-10-07,261,261,,
2010-10-08,813,813,,
2010-10-09,275,275,,
2010-10-10,206,206,,
2010-10-11,367,367,,
2010-10-12,186,186,,
2010-10-13,190,190,,
2010-10-14,680,680,,
2010-10-15,268,268,,
2010-10-16,167,167,,
2010-10-17,166,166,,
2010-10-18,212,212,,
2010-10-19,243,243,,
2010-10-20,181,181,,
2010-10-21,355,355,,
2010-10-22,196,196,,
2010-10-23,222,222,,
2010-10-24,274,274,,
2010-10-25,446,446,,
2010-10-26,230,230,,
2010-10-27,234,234,,
2010-10-28,179,179,,
2010-10-29,191,191,,
2010-10-30,246,246,,
2010-10-31,214,214,,
2010-11-01,242,242,,
2010-11-02,278,278,,
2010-11-03,245,245,,
2010-11-04,216,216,,
2010-11-05,283,283,,
2010-11-06,216,216,,
2010-11-07,182,182,,
2010-11-08,208,208,,
2010-11-09,238,238,,
2010-11-10,188,188,,
2010-11-11,246,246,,
2010-11-12,254,254,,
2010-11-13,298,298,,
2010-11-14,312,312,,
2010-11-15,185,185,,
2010-11-16,216,216,,
2010-11-17,335,335,,
2010-11-18,286,286,,
2010-11-19,220,220,,
2010-11-20,234,234,,
2010-11-21,301,301,,
2010-11-22,245,245,,
2010-11-23,244,244,,
2010-11-24,257,257,,
2010-11-25,241,241,,
2010-11-26,500,500,,
2010-11-27,220,220,,
2010-11-28,231,231,,
2010-11-29,285,285,,
2010-11-30,432,432,,
2010-12-01,291,291,,
2010-12-02,240,240,,
2010-12-03,233,233,,
2010-12-04,236,236,,
2010-12-05,212,212,,
2010-12-06,610,610,,
2010-12-07,432,432,,
2010-12-08,534,534,,
2010-12-09,432,432,,
2010-12-10,302,302,,
2010-12-11,248,248,,
2010-12-12,268,268,,
2010-12-13,295,295,,
2010-12-14,281,281,,
2010-12-15,333,333,,
2010-12-16,347,347,,
2010-12-17,369,369,,
2010-12-18,606,606,,
2010-12-19,539,539,,
2010-12-20,375,375,,
2010-12-21,333,333,,
2010-12-22,372,372,,
2010-12-23,276,276,,
2010-12-24,253,253,,
2010-12-25,275,275,,
2010-12-26,286,286,,
2010-12-27,264,264,,
2010-12-28,243,243,,
2010-12-29,239,239,,
2010-12-30,339,339,,
2010-12-31,247,247,,
2011-01-01,254,254,,
2011-01-02,204,204,,
2011-01-03,229,229,,
2011-01-05,307,307,,
2011-01-06,237,237,,
2011-01-07,300,300,,
2011-01-08,292,292,,
2011-01-09,219,219,,
2011-01-10,211,211,,
2011-01-11,249,249,,
2011-01-12,307,307,,
2011-01-13,320,320,,
2011-01-14,462,462,,
2011-01-15,422,422,,
2011-01-16,309,309,,
2011-01-17,304,304,,
2011-01-18,592,592,,
2011-01-19,324,324,,
2011-01-20,416,416,,
2011-01-21,374,374,,
2011-01-22,307,307,,
2011-01-23,341,341,,
2011-01-24,322,322,,
2011-01-25,461,461,,
2011-01-26,375,375,,
2011-01-27,432,432,,
2011-01-28,366,366,,
2011-01-29,420,420,,
2011-01-30,477,477,,
2011-01-31,365,365,,
2011-02-01,678,678,,
2011-02-02,425,425,,
2011-02-03,473,473,,
2011-02-04,463,463,,
2011-02-05,633,633,,
2011-02-06,551,551,,
2011-02-07,683,683,,
2011-02-08,748,748,,
2011-02-09,800,800,,
2011-02-10,718,718,,
2011-02-11,751,751,,
2011-02-12,659,659,,
2011-02-13,351,351,,
2011-02-14,422,422,,
2011-02-15,445,445,,
2011-02-16,507,507,,
2011-02-17,439,439,,
2011-02-18,487,487,,
2011-02-19,630,630,,
2011-02-20,549,549,,
2011-02-21,586,586,,
2011-02-22,561,561,,
2011-02-23,512,512,,
2011-02-24,526,526,,
2011-02-25,658,658,,
2011-02-26,480,480,,
2011-02-27,515,515,,
2011-02-28,405,405,,
2011-03-01,460,460,,
2011-03-02,413,413,,
2011-03-03,437,437,,
2011-03-04,449,449,,
2011-03-05,423,423,,
2011-03-06,471,471,,
2011-03-07,783,783,,
2011-03-08,378,378,,
2011-03-09,305,305,,
2011-03-10,381,381,,
2011-03-11,280,280,,
2011-03-12,481,481,,
2011-03-13,433,433,,
2011-03-14,788,788,,
2011-03-15,771,771,,
2011-03-16,805,805,,
2011-03-17,581,581,,
2011-03-18,334,334,,
2011-03-19,371,371,,
2011-03-20,362,362,,
2011-03-21,413,413,,
2011-03-22,378,378,,
2011-03-23,395,395,,
2011-03-24,480,480,,
2011-03-25,424,424,,
2011-03-26,320,320,,
2011-03-27,280,280,,
2011-03-28,368,368,,
2011-03-29,303,303,,
2011-03-30,380,380,,
2011-03-31,398,398,,
2011-04-01,337,337,,
2011-04-02,427,427,,
2011-04-03,358,358,,
2011-04-04,338,338,,
2011-04-05,512,512,,
2011-04-06,308,308,,
2011-04-07,261,261,,
2011-04-08,323,323,,
2011-04-09,291,291,,
2011-04-10,541,541,,
2011-04-11,364,364,,
2011-04-12,673,673,,
2011-04-13,411,411,,
2011-04-14,697,697,,
2011-04-15,411,411,,
2011-04-16,360,360,,
2011-04-17,291,291,,
2011-04-18,261,261,,
2011-04-19,460,460,,
2011-04-20,588,588,,
2011-04-21,392,392,,
2011-04-22,357,357,,
2011-04-23,310,310,,
2011-04-24,343,343,,
2011-04-25,409,409,,
2011-04-26,585,585,,
2011-04-27,823,823,,
2011-04-28,274,274,,
2011-04-29,488,488,,
2011-04-30,489,489,,
2011-05-01,337,337,,
2011-05-02,300,300,,
2011-05-03,402,402,,
2011-05-04,401,401,,
2011-05-05,363,363,,
2011-05-06,368,368,,
2011-05-07,267,267,,
2011-05-08,273,273,,
2011-05-09,275,275,,
2011-05-10,308,308,,
2011-05-11,351,351,,
2011-05-12,324,324,,
2011-05-13,264,264,,
2011-05-14,346,346,,
2011-05-15,299,299,,
2011-05-16,253,253,,
2011-05-17,399,399,,
2011-05-18,541,541,,
2011-05-19,411,411,,
2011-05-20,763,763,,
2011-05-21,530,530,,
2011-05-22,405,405,,
2011-05-23,263,263,,
2011-05-24,328,328,,
2011-05-25,343,343,,
2011-05-26,383,383,,
2011-05-27,355,355,,
2011-05-28,394,394,,
2011-05-29,347,347,,
2011-05-30,431,431,,
2011-05-31,387,387,,
2011-06-01,708,708,,
2011-06-02,463,463,,
2011-06-03,807,807,,
2011-06-04,393,393,,
2011-06-05,376,376,,
2011-06-06,302,302,,
2011-06-07,420,420,,
2011-06-08,408,408,,
2011-06-09,386,386,,
2011-06-10,1052,1052,,
2011-06-11,464,464,,
2011-06-12,494,494,,
2011-06-13,384,384,,
2011-06-15,425,425,,
2011-06-16,528,528,,
2011-06-17,327,327,,
2011-06-18,439,439,,
2011-06-19,485,485,,
2011-06-20,426,426,,
2011-06-21,497,497,,
2011-06-22,389,389,,
2011-06-23,532,532,,
2011-06-24,379,379,,
2011-06-25,382,382,,
2011-06-26,321,321,,
2011-06-27,408,408,,
2011-06-28,397,397,,
2011-06-29,808,808,,
2011-06-30,642,642,,
2011-07-01,417,417,,
2011-07-02,386,386,,
2011-07-03,898,898,,
2011-07-04,348,348,,
2011-07-05,450,450,,
2011-07-06,393,393,,
2011-07-07,696,696,,
2011-07-08,536,536,,
2011-07-09,591,591,,
2011-07-10,365,365,,
2011-07-11,588,588,,
2011-07-12,530,530,,
2011-07-13,814,814,,
2011-07-14,588,588,,
2011-07-15,628,628,,
2011-07-16,451,451,,
2011-07-17,481,481,,
2011-07-18,502,502,,
2011-07-19,484,484,,
2011-07-20,514,514,,
2011-07-21,642,642,,
2011-07-22,2340,2340,,
2011-07-23,643,643,,
2011-07-24,1087,1087,,
2011-07-25,627,627,,
2011-07-26,635,635,,
2011-07-27,664,664,,
2011-07-28,657,657,,
2011-07-29,1288,1288,,
2011-07-30,600,600,,
2011-07-31,881,881,,
2011-08-01,456,456,,
2011-08-02,825,825,,
2011-08-03,905,905,,
2011-08-04,1000,1000,,
2011-08-05,932,932,,
2011-08-06,1226,1226,,
2011-08-07,691,691,,
2011-08-08,660,660,,
2011-08-09,572,572,,
2011-08-10,939,939,,
2011-08-11,619,619,,
2011-08-12,599,599,,
2011-08-13,739,739,,
2011-08-14,839,839,,
2011-08-15,602,602,,
2011-08-16,949,949,,
2011-08-17,1420,1420,,
2011-08-18,883,883,,
2011-08-19,2025,2025,,
2011-08-20,578,578,,
2011-08-21,433,433,,
2011-08-22,773,773,,
2011-08-23,590,590,,
2011-08-24,1008,1008,,
2011-08-25,549,549,,
2011-08-26,700,700,,
2011-08-27,777,777,,
2011-08-28,811,811,,
2011-08-29,791,791,,
2011-08-30,906,906,,
2011-08-31,661,661,,
2011-09-01,844,844,,
2011-09-02,515,515,,
2011-09-03,851,851,,
2011-09-04,547,547,,
2011-09-05,516,516,,
2011-09-06,664,664,,
2011-09-07,1070,1070,,
2011-09-08,384,384,,
2011-09-09,1196,1196,,
2011-09-10,914,914,,
2011-09-11,1150,1150,,
2011-09-12,865,865,,
2011-09-13,676,676,,
2011-09-14,750,750,,
2011-09-15,1223,1223,,
2011-09-16,983,983,,
2011-09-17,1366,1366,,
2011-09-18,704,704,,
2011-09-19,897,897,,
2011-09-20,798,798,,
2011-09-21,2172,2172,,
2011-09-22,651,651,,
2011-09-23,955,955,,
2011-09-24,666,666,,
2011-09-25,563,563,,
2011-09-26,985,985,,
2011-09-27,875,875,,
2011-09-28,676,676,,
2011-09-29,1832,1832,,
2011-09-30,794,794,,
2011-10-01,756,756,,
2011-10-02,819,819,,
2011-10-03,844,844,,
2011-10-04,350,350,,
2011-10-05,419,419,,
2011-10-06,626,626,,
2011-10-07,441,441,,
2011-10-08,566,566,,
2011-10-09,482,482,,
2011-10-10,472,472,,
2011-10-11,360,360,,
2011-10-12,555,555,,
2011-10-13,527,527,,
2011-10-14,345,345,,
2011-10-15,430,430,,
2011-10-16,414,414,,
2011-10-17,501,501,,
2011-10-18,486,486,,
2011-10-19,520,520,,
2011-10-20,593,593,,
2011-10-21,445,445,,
2011-10-22,488,488,,
2011-10-23,448,448,,
2011-10-24,555,555,,
2011-10-25,496,496,,
2011-10-26,512,512,,
2011-10-27,497,497,,
2011-10-28,417,417,,
2011-10-29,432,432,,
2011-10-30,572,572,,
2011-10-31,698,698,,
2011-11-01,511,511,,
2011-11-02,848,848,,
2011-11-03,494,494,,
2011-11-04,1234,1234,,
2011-11-05,1229,1229,,
2011-11-06,744,744,,
2011-11-07,668,668,,
2011-11-08,594,594,,
2011-11-09,599,599,,
2011-11-10,555,555,,
2011-11-11,613,613,,
2011-11-12,495,495,,
2011-11-13,481,481,,
2011-11-14,522,522,,
2011-11-15,476,476,,
2011-11-16,560,560,,
2011-11-17,464,464,,
2011-11-18,1061,1061,,
2011-11-19,428,428,,
2011-11-20,506,506,,
2011-11-21,881,881,,
2011-11-22,601,601,,
2011-11-23,429,429,,
2011-11-24,531,531,,
2011-11-25,618,618,,
2011-11-26,582,582,,
2011-11-27,505,505,,
2011-11-28,567,567,,
2011-11-29,601,601,,
2011-11-30,504,504,,
2011-12-01,778,778,,
2011-12-02,639,639,,
2011-12-03,457,457,,
2011-12-04,597,597,,
2011-12-05,606,606,,
2011-12-06,583,583,,
2011-12-07,801,801,,
2011-12-08,625,625,,
2011-12-09,681,681,,
2011-12-10,471,471,,
2011-12-11,651,651,,
2011-12-12,555,555,,
2011-12-13,510,510,,
2011-12-14,581,581,,
2011-12-15,807,807,,
2011-12-16,655,655,,
2011-12-17,1076,1076,,
2011-12-18,775,775,,
2011-12-19,790,790,,
2011-12-20,795,795,,
2011-12-21,736,736,,
2011-12-22,805,805,,
2011-12-27,827,827,,
2011-12-28,910,910,,
2011-12-29,945,945,,
2011-12-30,627,627,,
2011-12-31,617,617,,
2012-01-01,798,798,,
2012-01-02,689,689,,
2012-01-03,522,522,,
2012-01-04,636,636,,
2012-01-05,703,703,,
2012-01-06,899,899,,
2012-01-07,871,871,,
2012-01-08,962,962,,
2012-01-09,1092,1092,,
2012-01-10,1453,1453,,
2012-01-11,1125,1125,,
2012-01-12,1082,1082,,
2012-01-13,1458,1458,,
2012-01-14,1077,1077,,
2012-01-15,1080,1080,,
2012-01-16,1012,1012,,
2012-01-17,942,942,,
2012-01-18,294,294,,
2012-01-19,3181,3181,,
2012-01-20,1015,1015,,
2012-01-21,606,606,,
2012-01-22,622,622,,
2012-01-23,764,764,,
2012-01-24,860,860,,
2012-01-25,698,698,,
2012-01-26,770,770,,
2012-01-27,916,916,,
2012-01-28,1074,1074,,
2012-01-29,909,909,,
2012-01-30,751,751,,
2012-01-31,500,500,,
2012-02-01,1669,1669,,
2012-02-02,557,557,,
2012-02-03,621,621,,
2012-02-04,613,613,,
2012-02-05,740,740,,
2012-02-06,721,721,,
2012-02-07,787,787,,
2012-02-08,1892,1892,,
2012-02-09,1164,1164,,
2012-02-10,571,571,,
2012-02-11,672,672,,
2012-02-12,588,588,,
2012-02-13,578,578,,
2012-02-14,556,556,,
2012-02-15,682,682,,
2012-02-16,738,738,,
2012-02-17,740,740,,
2012-02-18,791,791,,
2012-02-19,854,854,,
2012-02-20,2120,2120,,
2012-02-21,876,876,,
2012-02-22,768,768,,
2012-02-23,1100,1100,,
2012-02-24,1110,1110,,
2012-02-25,1066,1066,,
2012-02-26,851,851,,
2012-02-27,725,725,,
2012-02-28,832,832,,
2012-02-29,861,861,,
2012-03-01,1249,1249,,
2012-03-02,991,991,,
2012-03-03,909,909,,
2012-03-04,1109,1109,,
2012-03-05,1007,1007,,
2012-03-06,887,887,,
2012-03-07,1683,1683,,
2012-03-08,1530,1530,,
2012-03-09,1167,1167,,
2012-03-10,1313,1313,,
2012-03-11,1073,1073,,
2012-03-12,886,886,,
2012-03-13,760,760,,
2012-03-14,751,751,,
2012-03-15,1034,1034,,
2012-03-16,930,930,,
2012-03-17,967,967,,
2012-03-18,937,937,,
2012-03-19,1041,1041,,
2012-03-20,1025,1025,,
2012-03-21,1427,1427,,
2012-03-22,808,808,,
2012-03-23,1202,1202,,
2012-03-24,892,892,,
2012-03-25,1167,1167,,
2012-03-26,861,861,,
2012-03-27,1576,1576,,
2012-03-28,956,956,,
2012-03-29,1329,1329,,
2012-03-30,1333,1333,,
2012-03-31,1249,1249,,
2012-04-01,1434,1434,,
2012-04-02,1012,1012,,
2012-04-03,2085,2085,,
2012-04-04,1349,1349,,
2012-04-05,687,687,,
2012-04-06,893,893,,
2012-04-07,691,691,,
2012-04-08,991,991,,
2012-04-09,1362,1362,,
2012-04-10,1075,1075,,
2012-04-11,705,705,,
2012-04-12,869,869,,
2012-04-13,945,945,,
2012-04-14,656,656,,
2012-04-15,682,682,,
2012-04-16,866,866,,
2012-04-17,1258,1258,,
2012-04-18,779,779,,
2012-04-19,1232,1232,,
2012-04-20,978,978,,
2012-04-21,1033,1033,,
2012-04-22,1001,1001,,
2012-04-23,817,817,,
2012-04-24,920,920,,
2012-04-25,932,932,,
2012-04-26,910,910,,
2012-04-27,1003,1003,,
2012-04-28,2595,2595,,
2012-04-29,1052,1052,,
2012-04-30,1424,1424,,
2012-05-01,1152,1152,,
2012-05-02,834,834,,
2012-05-03,811,811,,
2012-05-04,1297,1297,,
2012-05-05,960,960,,
2012-05-06,819,819,,
2012-05-07,745,745,,
2012-05-08,917,917,,
2012-05-09,1397,1397,,
2012-05-10,4237,4237,,
2012-05-11,1546,1546,,
2012-05-12,896,896,,
2012-05-13,842,842,,
2012-05-14,772,772,,
2012-05-15,805,805,,
2012-05-16,1627,1627,,
2012-05-17,785,785,,
2012-05-18,1056,1056,,
2012-05-19,1134,1134,,
2012-05-20,1440,1440,,
2012-05-21,1013,1013,,
2012-05-22,1131,1131,,
2012-05-23,1572,1572,,
2012-05-24,1168,1168,,
2012-05-25,1068,1068,,
2012-05-26,1055,1055,,
2012-05-27,1434,1434,,
2012-05-28,1054,1054,,
2012-05-29,913,913,,
2012-05-30,1010,1010,,
2012-05-31,1127,1127,,
2012-06-01,811,811,,
2012-06-02,1548,1548,,
2012-06-03,1330,1330,,
2012-06-04,1283,1283,,
2012-06-05,1408,1408,,
2012-06-06,2963,2963,,
2012-06-07,1408,1408,,
2012-06-08,1435,1435,,
2012-06-09,1281,1281,,
2012-06-10,1047,1047,,
2012-06-11,1178,1178,,
2012-06-12,1632,1632,,
2012-06-13,975,975,,
2012-06-14,1213,1213,,
2012-06-15,1193,1193,,
2012-06-16,1363,1363,,
2012-06-17,977,977,,
2012-06-18,853,853,,
2012-06-19,940,940,,
2012-06-20,1007,1007,,
2012-06-21,1057,1057,,
2012-06-22,661,661,,
2012-06-23,1230,1230,,
2012-06-24,1399,1399,,
2012-06-25,782,782,,
2012-06-26,1370,1370,,
2012-06-27,2521,2521,,
2012-06-28,1366,1366,,
2012-06-29,1008,1008,,
2012-06-30,1756,1756,,
2012-07-01,1148,1148,,
2012-07-02,973,973,,
2012-07-03,1096,1096,,
2012-07-04,927,927,,
2012-07-05,1113,1113,,
2012-07-06,953,953,,
2012-07-07,931,931,,
2012-07-08,1659,1659,,
2012-07-09,1768,1768,,
2012-07-10,921,921,,
2012-07-11,1351,1351,,
2012-07-12,954,954,,
2012-07-13,866,866,,
2012-07-14,1326,1326,,
2012-07-15,1121,1121,,
2012-07-16,3356,3356,,
2012-07-17,1031,1031,,
2012-07-18,1063,1063,,
2012-07-19,648,648,,
2012-07-20,854,854,,
2012-07-21,802,802,,
2012-07-22,943,943,,
2012-07-23,818,818,,
2012-07-24,843,843,,
2012-07-25,841,841,,
2012-07-26,1056,1056,,
2012-07-27,1033,1033,,
2012-07-28,983,983,,
2012-07-29,956,956,,
2012-07-30,723,723,,
2012-07-31,893,893,,
2012-08-01,1182,1182,,
2012-08-02,733,733,,
2012-08-03,1103,1103,,
2012-08-04,1117,1117,,
2012-08-05,983,983,,
2012-08-06,935,935,,
2012-08-07,927,927,,
2012-08-08,935,935,,
2012-08-09,837,837,,
2012-08-10,987,987,,
2012-08-11,871,871,,
2012-08-12,1314,1314,,
2012-08-13,1202,1202,,
2012-08-14,907,907,,
2012-08-15,744,744,,
2012-08-16,771,771,,
2012-08-17,891,891,,
2012-08-18,1153,1153,,
2012-08-19,1025,1025,,
2012-08-20,964,964,,
2012-08-21,795,795,,
2012-08-22,723,723,,
2012-08-23,833,833,,
2012-08-24,1671,1671,,
2012-08-25,867,867,,
2012-08-26,1143,1143,,
2012-08-27,815,815,,
2012-08-28,931,931,,
2012-08-29,967,967,,
2012-08-30,965,965,,
2012-08-31,983,983,,
2012-09-01,1045,1045,,
2012-09-02,942,942,,
2012-09-03,910,910,,
2012-09-04,907,907,,
2012-09-05,876,876,,
2012-09-06,937,937,,
2012-09-07,899,899,,
2012-09-08,724,724,,
2012-09-09,591,591,,
2012-09-10,968,968,,
2012-09-11,699,699,,
2012-09-12,821,821,,
2012-09-13,834,834,,
2012-09-14,1253,1253,,
2012-09-15,775,775,,
2012-09-16,618,618,,
2012-09-17,794,794,,
2012-09-18,666,666,,
2012-09-19,695,695,,
2012-09-20,742,742,,
2012-09-21,1271,1271,,
2012-09-22,1102,1102,,
2012-09-23,833,833,,
2012-09-24,684,684,,
2012-09-25,638,638,,
2012-09-26,528,528,,
2012-09-27,583,583,,
2012-09-28,1140,1140,,
2012-09-29,700,700,,
2012-09-30,494,494,,
2012-10-01,869,869,,
2012-10-02,702,702,,
2012-10-03,798,798,,
2012-10-04,762,762,,
2012-10-05,1758,1758,,
2012-10-06,830,830,,
2012-10-07,976,976,,
2012-10-08,1287,1287,,
2012-10-09,1345,1345,,
2012-10-10,762,762,,
2012-10-11,1152,1152,,
2012-10-12,433,433,,
2012-10-13,588,588,,
2012-10-14,609,609,,
2012-10-15,763,763,,
2012-10-16,722,722,,
2012-10-17,725,725,,
2012-10-18,1521,1521,,
2012-10-19,1195,1195,,
2012-10-20,719,719,,
2012-10-21,667,667,,
2012-10-22,670,670,,
2012-10-23,698,698,,
2012-10-24,691,691,,
2012-10-25,664,664,,
2012-10-26,765,765,,
2012-10-27,1151,1151,,
2012-10-28,1026,1026,,
2012-10-29,2344,2344,,
2012-10-30,686,686,,
2012-10-31,865,865,,
2012-11-01,1006,1006,,
2012-11-02,1162,1162,,
2012-11-03,823,823,,
2012-11-04,775,775,,
2012-11-05,930,930,,
2012-11-06,1545,1545,,
2012-11-07,1152,1152,,
2012-11-08,1050,1050,,
2012-11-09,1096,1096,,
2012-11-10,884,884,,
2012-11-11,1116,1116,,
2012-11-12,815,815,,
2012-11-13,923,923,,
2012-11-14,730,730,,
2012-11-15,1518,1518,,
2012-11-16,837,837,,
2012-11-17,828,828,,
2012-11-18,1042,1042,,
2012-11-19,1227,1227,,
2012-11-20,1074,1074,,
2012-11-21,1455,1455,,
2012-11-22,1025,1025,,
2012-11-23,921,921,,
2012-11-24,1019,1019,,
2012-11-25,947,947,,
2012-11-26,1009,1009,,
2012-11-27,1347,1347,,
2012-11-28,1475,1475,,
2012-11-29,916,916,,
2012-11-30,1461,1461,,
2012-12-01,862,862,,
2012-12-02,1027,1027,,
2012-12-03,890,890,,
2012-12-04,1154,1154,,
2012-12-05,1295,1295,,
2012-12-06,836,836,,
2012-12-07,926,926,,
2012-12-08,909,909,,
2012-12-09,856,856,,
2012-12-10,1326,1326,,
2012-12-11,1028,1028,,
2012-12-12,828,828,,
2012-12-13,804,804,,
2012-12-14,922,922,,
2012-12-15,831,831,,
2012-12-16,1282,1282,,
2012-12-17,855,855,,
2012-12-18,816,816,,
2012-12-19,1055,1055,,
2012-12-20,855,855,,
2012-12-21,809,809,,
2012-12-22,920,920,,
2012-12-23,832,832,,
2012-12-24,878,878,,
2012-12-25,738,738,,
2012-12-26,897,897,,
2012-12-27,1935,1935,,
2012-12-28,1115,1115,,
2012-12-29,1048,1048,,
2012-12-30,1157,1157,,
2012-12-31,1423,1423,,
2013-01-01,1615,1615,,
2013-01-02,1159,1159,,
2013-01-03,1361,1361,,
2013-01-04,1075,1075,,
2013-01-05,1599,1599,,
2013-01-06,1023,1023,,
2013-01-07,1221,1221,,
2013-01-08,1323,1323,,
2013-01-09,1480,1480,,
2013-01-10,1876,1876,,
2013-01-11,4817,4817,,
2013-01-12,1778,1778,,
2013-01-13,2717,2717,,
2013-01-14,1082,1082,,
2013-01-15,1038,1038,,
2013-01-16,1064,1064,,
2013-01-17,994,994,,
2013-01-18,1341,1341,,
2013-01-19,1015,1015,,
2013-01-20,1753,1753,,
2013-01-21,1345,1345,,
2013-01-22,1343,1343,,
2013-01-23,1194,1194,,
2013-01-24,1771,1771,,
2013-01-25,12000,12000,,
2013-01-26,1282,1282,,
2013-01-27,2701,2701,,
2013-01-28,3306,3306,,
2013-01-29,1618,1618,,
2013-01-30,1601,1601,,
2013-01-31,1447,1447,,
2013-02-01,1323,1323,,
2013-02-02,1490,1490,,
2013-02-03,13217,13217,,
2013-02-04,1423,1423,,
2013-02-05,1535,1535,,
2013-02-06,1706,1706,,
2013-02-07,1376,1376,,
2013-02-08,1307,1307,,
2013-02-09,1175,1175,,
2013-02-10,1518,1518,,
2013-02-11,8677,8677,,
2013-02-12,1284,1284,,
2013-02-13,1718,1718,,
2013-02-14,1493,1493,,
2013-02-15,1381,1381,,
2013-02-16,1383,1383,,
2013-02-17,1714,1714,,
2013-02-18,2131,2131,,
2013-02-19,2055,2055,,
2013-02-20,3096,3096,,
2013-02-21,1530,1530,,
2013-02-22,1994,1994,,
2013-02-23,1712,1712,,
2013-02-24,3386,3386,,
2013-02-25,4240,4240,,
2013-02-26,1892,1892,,
2013-02-27,2699,2699,,
2013-02-28,1795,1795,,
2013-03-01,3255,3255,,
2013-03-02,1315,1315,,
2013-03-03,1332,1332,,
2013-03-04,1429,1429,,
2013-03-05,2085,2085,,
2013-03-06,1811,1811,,
2013-03-07,1370,1370,,
2013-03-08,1012,1012,,
2013-03-09,2396,2396,,
2013-03-10,916,916,,
2013-03-11,716,716,,
2013-03-12,3574,3574,,
2013-03-13,3691,3691,,
2013-03-14,1280,1280,,
2013-03-15,1105,1105,,
2013-03-16,1618,1618,,
2013-03-17,1764,1764,,
2013-03-18,1955,1955,,
2013-03-19,1957,1957,,
2013-03-20,3434,3434,,
2013-03-21,2119,2119,,
2013-03-22,2680,2680,,
2013-03-23,2432,2432,,
2013-03-24,1316,1316,,
2013-03-25,1869,1869,,
2013-03-26,1761,1761,,
2013-03-27,880,880,,
2013-03-28,963,963,,
2013-03-29,843,843,,
2013-03-30,876,876,,
2013-03-31,804,804,,
2013-04-01,1075,1075,,
2013-04-02,1420,1420,,
2013-04-03,1145,1145,,
2013-04-04,1803,1803,,
2013-04-05,2276,2276,,
2013-04-06,1485,1485,,
2013-04-07,1092,1092,,
2013-04-08,1292,1292,,
2013-04-09,898,898,,
2013-04-10,866,866,,
2013-04-11,1147,1147,,
2013-04-12,1063,1063,,
2013-04-13,1137,1137,,
2013-04-14,1182,1182,,
2013-04-15,1666,1666,,
2013-04-16,3358,3358,,
2013-04-17,1219,1219,,
2013-04-18,1840,1840,,
2013-04-19,2119,2119,,
2013-04-20,2159,2159,,
2013-04-21,1701,1701,,
2013-04-22,1389,1389,,
2013-04-23,1272,1272,,
2013-04-24,1728,1728,,
2013-04-25,1234,1234,,
2013-04-26,1328,1328,,
2013-04-27,1870,1870,,
2013-04-28,1324,1324,,
2013-04-29,1045,1045,,
2013-04-30,1625,1625,,
2013-05-01,1785,1785,,
2013-05-02,1523,1523,,
2013-05-03,2394,2394,,
2013-05-04,1622,1622,,
2013-05-05,4816,4816,,
2013-05-06,4486,4486,,
2013-05-07,3429,3429,,
2013-05-08,958,958,,
2013-05-09,943,943,,
2013-05-10,1100,1100,,
2013-05-11,1198,1198,,
2013-05-12,1811,1811,,
2013-05-13,1388,1388,,
2013-05-14,1564,1564,,
2013-05-15,1988,1988,,
2013-05-16,2101,2101,,
2013-05-17,1795,1795,,
2013-05-18,1673,1673,,
2013-05-19,2877,2877,,
2013-05-20,2865,2865,,
2013-05-21,3357,3357,,
2013-05-22,33019,33019,,
2013-05-23,13717,13717,,
2013-05-24,3253,3253,,
2013-05-25,3342,3342,,
2013-05-26,3256,3256,,
2013-05-27,4485,4485,,
2013-05-28,6102,6102,,
2013-05-29,3656,3656,,
2013-05-30,2741,2741,,
2013-05-31,3316,3316,,
2013-06-01,2766,2766,,
2013-06-02,3204,3204,,
2013-06-03,4659,4659,,
2013-06-04,4451,4451,,
2013-06-05,5348,5348,,
2013-06-06,3227,3227,,
2013-06-07,3647,3647,,
2013-06-08,3829,3829,,
2013-06-09,2901,2901,,
2013-06-10,3671,3671,,
2013-06-11,3133,3133,,
2013-06-12,3221,3221,,
2013-06-13,4063,4063,,
2013-06-14,4278,4278,,
2013-06-15,2894,2894,,
2013-06-16,2788,2788,,
2013-06-17,3483,3483,,
2013-06-18,6262,6262,,
2013-06-19,4152,4152,,
2013-06-20,2828,2828,,
2013-06-21,1967,1967,,
2013-06-22,3276,3276,,
2013-06-23,3919,3919,,
2013-06-24,3070,3070,,
2013-06-25,3572,3572,,
2013-06-26,1757,1757,,
2013-06-27,4554,4554,,
2013-06-28,10306,10306,,
2013-06-29,4405,4405,,
2013-06-30,5314,5314,,
2013-07-01,4079,4079,,
2013-07-02,4418,4418,,
2013-07-03,6066,6066,,
2013-07-04,3848,3848,,
2013-07-05,3441,3441,,
2013-07-06,2883,2883,,
2013-07-07,4400,4400,,
2013-07-08,3036,3036,,
2013-07-09,3943,3943,,
2013-07-10,3848,3848,,
2013-07-11,3845,3845,,
2013-07-12,3283,3283,,
2013-07-13,3942,3942,,
2013-07-14,4144,4144,,
2013-07-15,2930,2930,,
2013-07-16,5319,5319,,
2013-07-17,5280,5280,,
2013-07-18,5276,5276,,
2013-07-19,5089,5089,,
2013-07-20,4331,4331,,
2013-07-21,3761,3761,,
2013-07-22,4405,4405,,
2013-07-25,2932,2932,,
2013-07-26,4253,4253,,
2013-07-27,3513,3513,,
2013-07-28,2989,2989,,
2013-07-29,3621,3621,,
2013-07-30,2511,2511,,
2013-07-31,2751,2751,,
2013-08-01,2706,2706,,
2013-08-02,1324,1324,,
2013-08-03,7108,7108,,
2013-08-04,4707,4707,,
2013-08-05,3125,3125,,
2013-08-06,2437,2437,,
2013-08-07,2324,2324,,
2013-08-08,2092,2092,,
2013-08-09,3182,3182,,
2013-08-10,2517,2517,,
2013-08-11,2279,2279,,
2013-08-12,2255,2255,,
2013-08-13,2940,2940,,
2013-08-14,3620,3620,,
2013-08-15,2853,2853,,
2013-08-16,2681,2681,,
2013-08-17,2415,2415,,
2013-08-18,2348,2348,,
2013-08-19,1959,1959,,
2013-08-20,3988,3988,,
2013-08-21,8222,8222,,
2013-08-22,1517,1517,,
2013-08-23,2343,2343,,
2013-08-24,1711,1711,,
2013-08-25,1713,1713,,
2013-08-26,2033,2033,,
2013-08-27,1945,1945,,
2013-08-28,1742,1742,,
2013-08-29,1783,1783,,
2013-08-30,1831,1831,,
2013-08-31,1489,1489,,
2013-09-01,1758,1758,,
2013-09-02,1894,1894,,
2013-09-03,1520,1520,,
2013-09-04,1635,1635,,
2013-09-05,1814,1814,,
2013-09-06,1937,1937,,
2013-09-07,1636,1636,,
2013-09-08,1385,1385,,
2013-09-09,1751,1751,,
2013-09-10,1757,1757,,
2013-09-11,1457,1457,,
2013-09-12,1845,1845,,
2013-09-13,2037,2037,,
2013-09-14,1993,1993,,
2013-09-15,2624,2624,,
2013-09-16,1462,1462,,
2013-09-17,1742,1742,,
2013-09-18,1679,1679,,
2013-09-19,1523,1523,,
2013-09-20,3469,3469,,
2013-09-21,2320,2320,,
2013-09-22,2321,2321,,
2013-09-23,3584,3584,,
2013-09-24,3279,3279,,
2013-09-25,2731,2731,,
2013-09-26,1932,1932,,
2013-09-27,3189,3189,,
2013-09-28,2558,2558,,
2013-09-29,2273,2273,,
2013-09-30,1772,1772,,
2013-10-01,1884,1884,,
2013-10-02,1507,1507,,
2013-10-03,1594,1594,,
2013-10-04,2548,2548,,
2013-10-05,2415,2415,,
2013-10-06,2319,2319,,
2013-10-07,2792,2792,,
2013-10-08,1976,1976,,
2013-10-09,2742,2742,,
2013-10-10,4814,4814,,
2013-10-11,4421,4421,,
2013-10-12,3219,3219,,
2013-10-13,2254,2254,,
2013-10-14,2098,2098,,
2013-10-15,2816,2816,,
2013-10-16,3262,3262,,
2013-10-17,2708,2708,,
2013-10-18,2146,2146,,
2013-10-19,1757,1757,,
2013-10-20,3169,3169,,
2013-10-21,1634,1634,,
2013-10-22,3507,3507,,
2013-10-23,3038,3038,,
2013-10-24,3432,3432,,
2013-10-25,2495,2495,,
2013-10-26,2551,2551,,
2013-10-27,1680,1680,,
2013-10-28,3798,3798,,
2013-10-29,1237,1237,,
2013-10-30,1346,1346,,
2013-10-31,1452,1452,,
2013-11-01,1798,1798,,
2013-11-02,1589,1589,,
2013-11-03,1140,1140,,
2013-11-04,1743,1743,,
2013-11-05,1267,1267,,
2013-11-06,1605,1605,,
2013-11-07,1573,1573,,
2013-11-08,1791,1791,,
2013-11-09,1667,1667,,
2013-11-10,1709,1709,,
2013-11-11,2103,2103,,
2013-11-12,1369,1369,,
2013-11-13,1384,1384,,
2013-11-14,1390,1390,,
2013-11-15,1514,1514,,
2013-11-16,1873,1873,,
2013-11-17,4651,4651,,
2013-11-18,2046,2046,,
2013-11-19,1379,1379,,
2013-11-20,1760,1760,,
2013-11-21,863,863,,
2013-11-22,1202,1202,,
2013-11-23,1170,1170,,
2013-11-24,2068,2068,,
2013-11-25,2245,2245,,
2013-11-26,1347,1347,,
2013-11-27,3462,3462,,
2013-11-28,1475,1475,,
2013-11-29,1856,1856,,
2013-11-30,749,749,,
2013-12-01,1501,1501,,
2013-12-02,1311,1311,,
2013-12-03,1317,1317,,
2013-12-04,1291,1291,,
2013-12-05,1914,1914,,
2013-12-06,1733,1733,,
2013-12-07,1867,1867,,
2013-12-08,2404,2404,,
2013-12-09,1188,1188,,
2013-12-10,1227,1227,,
2013-12-11,1983,1983,,
2013-12-12,1497,1497,,
2013-12-13,3711,3711,,
2013-12-14,3100,3100,,
2013-12-15,2116,2116,,
2013-12-16,2166,2166,,
2013-12-17,2072,2072,,
2013-12-18,2486,2486,,
2013-12-19,5856,5856,,
2013-12-20,2118,2118,,
2013-12-21,1360,1360,,
2013-12-22,1424,1424,,
2013-12-23,3030,3030,,
2013-12-24,1917,1917,,
2013-12-25,1587,1587,,
2013-12-26,2540,2540,,
2013-12-27,2103,2103,,
2013-12-28,2102,2102,,
2013-12-29,1713,1713,,
2013-12-30,1617,1617,,
2013-12-31,2171,2171,,
2014-01-01,1337,1337,,
2014-01-02,1071,1071,,
2014-01-03,1876,1876,,
2014-01-04,1564,1564,,
2014-01-07,1706,1706,,
2014-01-08,1763,1763,,
2014-01-09,1520,1520,,
2014-01-10,1626,1626,,
2014-01-11,2642,2642,,
2014-01-12,3041,3041,,
2014-01-13,2756,2756,,
2014-01-14,1557,1557,,
2014-01-15,1564,1564,,
2014-01-16,1534,1534,,
2014-01-17,2045,2045,,
2014-01-18,1262,1262,,
2014-01-19,1440,1440,,
2014-01-20,2086,2086,,
2014-01-21,3070,3070,,
2014-01-22,3107,3107,,
2014-01-23,1621,1621,,
2014-01-24,1633,1633,,
2014-01-25,2634,2634,,
2014-01-26,1408,1408,,
2014-01-27,2002,2002,,
2014-01-28,2375,2375,,
2014-01-29,2482,2482,,
2014-01-30,2813,2813,,
2014-01-31,2226,2226,,
2014-02-01,2167,2167,,
2014-02-02,2437,2437,,
2014-02-03,3320,3320,,
2014-02-04,1893,1893,,
2014-02-05,2119,2119,,
2014-02-06,1795,1795,,
2014-02-07,3231,3231,,
2014-02-08,4487,4487,,
2014-02-09,4033,4033,,
2014-02-10,2351,2351,,
2014-02-11,2291,2291,,
2014-02-12,3243,3243,,
2014-02-13,3717,3717,,
2014-02-14,5151,5151,,
2014-02-15,3474,3474,,
2014-02-16,3208,3208,,
2014-02-17,3219,3219,,
2014-02-18,2478,2478,,
2014-02-19,2819,2819,,
2014-02-20,2589,2589,,
2014-02-21,3243,3243,,
2014-02-22,2584,2584,,
2014-02-23,2511,2511,,
2014-02-24,3163,3163,,
2014-02-25,2716,2716,,
2014-02-26,1764,1764,,
2014-02-27,2115,2115,,
2014-02-28,2418,2418,,
2014-03-01,1789,1789,,
2014-03-02,2137,2137,,
2014-03-03,2219,2219,,
2014-03-04,3148,3148,,
2014-03-05,1963,1963,,
2014-03-06,3688,3688,,
2014-03-07,1995,1995,,
2014-03-08,1719,1719,,
2014-03-09,1555,1555,,
2014-03-10,1782,1782,,
2014-03-11,1856,1856,,
2014-03-12,1944,1944,,
2014-03-13,3705,3705,,
2014-03-14,5162,5162,,
2014-03-15,3536,3536,,
2014-03-16,2645,2645,,
2014-03-17,1453,1453,,
2014-03-18,1352,1352,,
2014-03-19,1460,1460,,
2014-03-20,2671,2671,,
2014-03-21,1907,1907,,
2014-03-22,1905,1905,,
2014-03-23,2116,2116,,
2014-03-24,1802,1802,,
2014-03-25,1819,1819,,
2014-03-26,2061,2061,,
2014-03-27,1734,1734,,
2014-03-28,1689,1689,,
2014-03-29,1846,1846,,
2014-03-30,1731,1731,,
2014-03-31,1555,1555,,
2014-04-01,1902,1902,,
2014-04-02,2481,2481,,
2014-04-03,2596,2596,,
2014-04-04,1782,1782,,
2014-04-05,1671,1671,,
2014-04-06,1681,1681,,
2014-04-07,1661,1661,,
2014-04-08,1721,1721,,
2014-04-09,1568,1568,,
2014-04-10,1334,1334,,
2014-04-11,1530,1530,,
2014-04-12,1288,1288,,
2014-04-13,1456,1456,,
2014-04-14,1601,1601,,
2014-04-15,1567,1567,,
2014-04-16,1964,1964,,
2014-04-17,2602,2602,,
2014-04-18,2126,2126,,
2014-04-19,2130,2130,,
2014-04-20,3001,3001,,
2014-04-21,1662,1662,,
2014-04-22,1894,1894,,
2014-04-23,2172,2172,,
2014-04-24,1893,1893,,
2014-04-25,1985,1985,,
2014-04-26,1563,1563,,
2014-04-27,3466,3466,,
2014-04-28,2153,2153,,
2014-04-29,1912,1912,,
2014-04-30,1822,1822,,
2014-05-01,2068,2068,,
2014-05-02,1852,1852,,
2014-05-03,1955,1955,,
2014-05-04,2107,2107,,
2014-05-05,2144,2144,,
2014-05-06,1798,1798,,
2014-05-07,1576,1576,,
2014-05-08,1720,1720,,
2014-05-09,1780,1780,,
2014-05-10,2882,2882,,
2014-05-11,1210,1210,,
2014-05-12,1390,1390,,
2014-05-13,2152,2152,,
2014-05-14,1888,1888,,
2014-05-15,2943,2943,,
2014-05-16,2206,2206,,
2014-05-17,1988,1988,,
2014-05-18,1702,1702,,
2014-05-19,1484,1484,,
2014-05-20,1396,1396,,
2014-05-21,1624,1624,,
2014-05-22,2028,2028,,
2014-05-23,1819,1819,,
2014-05-24,3596,3596,,
2014-05-25,9223,9223,,
2014-05-26,2506,2506,,
2014-05-27,2132,2132,,
2014-05-28,2447,2447,,
2014-05-29,3970,3970,,
2014-05-30,2528,2528,,
2014-05-31,2135,2135,,
2014-06-01,6472,6472,,
2014-06-02,3001,3001,,
2014-06-03,2192,2192,,
2014-06-04,2446,2446,,
2014-06-05,1746,1746,,
2014-06-06,1406,1406,,
2014-06-07,1660,1660,,
2014-06-08,1660,1660,,
2014-06-09,1817,1817,,
2014-06-10,1982,1982,,
2014-06-11,1772,1772,,
2014-06-12,2126,2126,,
2014-06-13,1845,1845,,
2014-06-14,3459,3459,,
2014-06-15,2822,2822,,
2014-06-16,5114,5114,,
2014-06-17,1767,1767,,
2014-06-18,1406,1406,,
2014-06-19,1599,1599,,
2014-06-20,945,945,,
2014-06-21,950,950,,
2014-06-22,928,928,,
2014-06-23,834,834,,
2014-06-24,906,906,,
2014-06-25,1237,1237,,
2014-06-26,1136,1136,,
2014-06-27,1185,1185,,
2014-06-28,1524,1524,,
2014-06-29,1440,1440,,
2014-06-30,1042,1042,,
2014-07-01,1354,1354,,
2014-07-02,1226,1226,,
2014-07-03,1111,1111,,
2014-07-04,1296,1296,,
2014-07-05,1181,1181,,
2014-07-06,1936,1936,,
2014-07-07,1032,1032,,
2014-07-08,1247,1247,,
2014-07-09,9177,9177,,
2014-07-10,1543,1543,,
2014-07-11,1041,1041,,
2014-07-12,929,929,,
2014-07-13,1222,1222,,
2014-07-14,1519,1519,,
2014-07-15,1533,1533,,
2014-07-16,1261,1261,,
2014-07-17,1274,1274,,
2014-07-18,1345,1345,,
2014-07-19,962,962,,
2014-07-20,1275,1275,,
2014-07-21,1027,1027,,
2014-07-22,1328,1328,,
2014-07-23,1337,1337,,
2014-07-24,1411,1411,,
2014-07-25,1358,1358,,
2014-07-26,1783,1783,,
2014-07-27,1275,1275,,
2014-07-28,1360,1360,,
2014-07-29,1106,1106,,
2014-07-30,1860,1860,,
2014-07-31,1158,1158,,
2014-08-01,1450,1450,,
2014-08-02,1188,1188,,
2014-08-03,1517,1517,,
2014-08-04,1297,1297,,
2014-08-05,3002,3002,,
2014-08-06,2897,2897,,
2014-08-07,10160,10160,,
2014-08-08,1169,1169,,
2014-08-09,861,861,,
2014-08-10,903,903,,
2014-08-11,841,841,,
2014-08-12,1444,1444,,
2014-08-13,1248,1248,,
2014-08-14,1555,1555,,
2014-08-15,1164,1164,,
2014-08-16,949,949,,
2014-08-17,1129,1129,,
2014-08-18,961,961,,
2014-08-19,927,927,,
2014-08-20,1899,1899,,
2014-08-21,3693,3693,,
2014-08-22,1026,1026,,
2014-08-23,881,881,,
2014-08-29,2191,2191,,
2014-08-30,2008,2008,,
2014-08-31,2732,2732,,
2014-09-01,2240,2240,,
2014-09-02,2294,2294,,
2014-09-03,2135,2135,,
2014-09-04,2295,2295,,
2014-09-05,4142,4142,,
2014-09-06,17321,17321,,
2014-09-07,4106,4106,,
2014-09-08,2483,2483,,
2014-09-09,1989,1989,,
2014-09-10,1462,1462,,
2014-09-11,1612,1612,,
2014-09-12,5508,5508,,
2014-09-13,8619,8619,,
2014-09-14,1612,1612,,
2014-09-15,1420,1420,,
2014-09-16,1982,1982,,
2014-09-17,1492,1492,,
2014-09-18,1799,1799,,
2014-09-19,2312,2312,,
2014-09-20,3548,3548,,
2014-09-21,3246,3246,,
2014-09-22,3235,3235,,
2014-09-23,4314,3742,572,0
2014-09-24,5322,4484,838,0
2014-09-25,9605,5508,4097,0
2014-09-26,2141,1698,443,0
2014-09-27,2356,1665,691,0
2014-09-28,2061,1491,570,0
2014-09-29,2776,1952,824,0
2014-09-30,2692,1832,860,0
2014-10-01,2492,1813,679,0
2014-10-02,2590,2016,574,0
2014-10-03,2912,1995,917,0
2014-10-04,2732,2096,636,0
2014-10-05,1880,1235,645,0
2014-10-06,2402,1539,863,0
2014-10-07,2845,1816,1029,0
2014-10-08,2529,1406,1123,0
2014-10-09,3348,2202,1144,2
2014-10-10,3404,2022,1382,0
2014-10-11,2529,1532,996,1
2014-10-12,3031,1851,1180,0
2014-10-13,3058,1770,1288,0
2014-10-14,3305,1954,1351,0
2014-10-15,3373,1882,1491,0
2014-10-16,2464,1472,992,0
2014-10-17,3617,2604,1013,0
2014-10-18,3556,2753,803,0
2014-10-19,5163,4275,888,0
2014-10-20,1928,964,964,0
2014-10-21,2856,1340,1516,0
2014-10-22,3226,1844,1382,0
2014-10-23,3830,1819,2011,0
2014-10-24,3831,2327,1504,0
2014-10-25,7929,6070,1859,0
2014-10-26,9588,8842,746,0
2014-10-27,6224,3233,2991,0
2014-10-28,2447,1196,1251,0
2014-10-29,2817,1369,1448,0
2014-10-30,4014,1529,2485,0
2014-10-31,2231,1045,1186,0
2014-11-01,2069,1178,891,0
2014-11-02,23522,22361,1161,0
2014-11-03,1775,1124,651,0
2014-11-04,2328,1114,1214,0
2014-11-05,6708,1958,4750,0
2014-11-06,6424,1279,5145,0
2014-11-07,4420,1471,2949,0
2014-11-08,2475,1867,608,0
2014-11-09,1984,1550,434,0
2014-11-10,1907,1183,724,0
2014-11-11,1906,1220,686,0
2014-11-12,1977,1326,651,0
2014-11-13,4511,3880,631,0
2014-11-14,4317,3447,870,0
2014-11-15,7626,6567,1059,0
2014-11-16,5528,3854,1674,0
2014-11-17,9118,8056,1062,0
2014-11-18,7746,6372,1374,0
2014-11-19,3548,1869,1679,0
2014-11-20,3092,1491,1601,0
2014-11-21,3961,1690,2271,0
2014-11-22,3267,1484,1783,0
2014-11-23,4827,3108,1719,0
2014-11-24,2523,1506,1017,0
2014-11-25,4176,1631,2545,0
2014-11-26,4557,2036,2521,0
2014-11-27,4510,2143,2367,0
2014-11-28,4477,2317,2160,0
2014-11-29,3566,1427,2139,0
2014-11-30,3916,1501,2415,0
2014-12-01,6170,4325,1845,0
2014-12-02,4240,2598,1642,0
2014-12-03,4635,2496,2139,0
2014-12-04,6097,4518,1579,0
2014-12-05,3988,2268,1720,0
2014-12-06,3414,1988,1419,7
2014-12-07,3624,1763,1860,1
2014-12-08,3635,2273,1362,0
2014-12-09,3757,2639,1118,0
2014-12-10,7830,6568,1262,0
2014-12-11,3461,2478,983,0
2014-12-12,2858,1984,874,0
2014-12-13,4038,3313,725,0
2014-12-14,2729,1848,881,0
2014-12-15,2921,2312,609,0
2014-12-16,3544,2160,1384,0
2014-12-17,3262,2640,622,0
2014-12-18,2941,2188,753,0
2014-12-19,3795,3193,602,0
2014-12-20,3293,2387,906,0
2014-12-21,3262,2450,812,0
2014-12-22,3853,3219,634,0
2014-12-23,2183,1547,636,0
2014-12-24,3228,2741,487,0
2014-12-25,2948,2352,596,0
2014-12-26,5050,4537,513,0
2014-12-27,3183,2451,732,0
2014-12-28,2479,2075,404,0
2014-12-29,3253,2599,654,0
2014-12-30,3123,1869,1254,0
2014-12-31,3890,2455,1435,0
2015-01-01,3013,1781,1232,0
2015-01-02,3985,3122,863,0
2015-01-03,2943,2211,732,0
2015-01-04,4560,3471,1089,0
2015-01-05,3642,3149,493,0
2015-01-06,2466,1485,981,0
2015-01-07,44528,43521,1006,1
2015-01-08,5158,3859,1299,0
2015-01-09,2781,2041,740,0
2015-01-10,5067,4123,944,0
2015-01-11,6691,5883,808,0
2015-01-12,4477,2619,1858,0
2015-01-13,4270,2455,1815,0
2015-01-14,3058,1769,1289,0
2015-01-15,2882,1816,1066,0
2015-01-16,4062,3238,824,0
2015-01-17,5376,4421,955,0
2015-01-18,4237,2932,1305,0
2015-01-19,4919,3766,1153,0
2015-01-20,3174,2038,1136,0
2015-01-21,4469,2376,2093,0
2015-01-22,7196,3022,4174,0
2015-01-23,4391,3153,1238,0
2015-01-24,3392,2425,967,0
2015-01-25,6043,4881,1162,0
2015-01-26,6924,4381,2543,0
2015-01-27,6944,4876,2068,0
2015-01-28,6505,4389,2116,0
2015-01-29,6792,4514,2278,0
2015-01-30,4180,2826,1354,0
2015-01-31,6585,4943,1642,0
2015-02-01,4506,2994,1512,0
2015-02-02,4418,2819,1599,0
2015-02-03,7071,5585,1486,0
2015-02-04,6738,5501,1237,0
2015-02-05,7688,5917,1770,1
2015-02-06,8432,7005,1427,0
2015-02-07,7818,6733,1085,0
2015-02-08,6568,5400,1168,0
2015-02-09,5025,2771,2254,0
2015-02-10,4945,3358,1587,0
2015-02-11,3891,2308,1583,0
2015-02-12,4144,2803,1341,0
2015-02-13,4495,2934,1561,0
2015-02-14,4097,3232,865,0
2015-02-15,4554,3309,1245,0
2015-02-16,3275,1958,1317,0
2015-02-17,4338,3269,1069,0
2015-02-18,3079,1625,1454,0
2015-02-19,4099,3119,980,0
2015-02-20,3660,2289,1371,0
2015-02-21,5360,4491,869,0
2015-02-22,4656,3448,1208,0
2015-02-23,4057,2449,1608,0
2015-02-24,5554,3951,1603,0
2015-02-25,6442,4594,1848,0
2015-02-26,4644,2927,1717,0
2015-02-27,5801,4316,1485,0
2015-02-28,5443,4016,1427,0
2015-03-01,3584,2525,1059,0
2015-03-02,8697,7069,1628,0
2015-03-03,5374,4331,1043,0
2015-03-04,4344,2661,1683,0
2015-03-05,3708,2406,1302,0
2015-03-06,5464,3386,2078,0
2015-03-07,8851,7979,872,0
2015-03-08,15301,13336,1965,0
2015-03-09,8465,7371,1094,0
2015-03-10,5872,4152,1720,0
2015-03-11,8153,7123,1030,0
2015-03-12,8017,6961,1056,0
2015-03-13,3597,2683,914,0
2015-03-14,3696,2835,861,0
2015-03-15,2510,1576,934,0
2015-03-16,3666,2589,1077,0
2015-03-17,3203,2382,821,0
2015-03-18,3214,2329,885,0
2015-03-19,3563,2552,1011,0
2015-03-20,2518,1732,786,0
2015-03-21,23737,23228,509,0
2015-03-22,3511,2526,985,0
2015-03-23,3882,2313,1569,0
2015-03-24,5460,4311,1149,0
2015-03-25,4264,3030,1234,0
2015-03-26,5418,4129,1289,0
2015-03-27,4507,3385,1122,0
2015-03-28,3756,2159,1597,0
2015-03-29,4502,3705,797,0
2015-03-30,3177,2094,1083,0
2015-03-31,4855,3887,968,0
2015-04-01,4764,3546,1218,0
2015-04-02,6198,4396,1802,0
2015-04-03,5742,4044,1698,0
2015-04-04,4160,3093,1067,0
2015-04-05,4829,2677,2152,0
2015-04-06,3956,3131,825,0
2015-04-07,5027,3218,1809,0
2015-04-08,5483,3377,2106,0
2015-04-09,5756,4226,1530,0
2015-04-10,6089,4251,1838,0
2015-04-11,4315,2592,1723,0
2015-04-12,3676,2356,1320,0
2015-04-13,4358,3041,1317,0
2015-04-14,6305,4832,1473,0
2015-04-15,5132,3257,1875,0
2015-04-16,5355,3494,1861,0
2015-04-17,4169,3265,904,0
2015-04-18,3756,2574,1182,0
2015-04-19,3623,2905,718,0
2015-04-20,4288,2555,1733,0
2015-04-21,5723,2463,3260,0
2015-04-22,7179,3595,3584,0
2015-04-23,7102,4026,3076,0
2015-04-24,5421,3630,1791,0
2015-04-25,5876,3334,2542,0
2015-04-26,4715,2814,1901,0
2015-04-27,4868,2565,2303,0
2015-04-28,4609,2858,1751,0
2015-04-29,4887,3059,1828,0
2015-04-30,5180,3399,1781,0
2015-05-01,5019,2306,2713,0
2015-05-02,13299,3122,10177,0
2015-05-03,7107,4525,2582,0
2015-05-04,12813,7730,5083,0
2015-05-05,6229,3937,2292,0
2015-05-06,5955,2715,3240,0
2015-05-07,7308,6137,1171,0
2015-05-08,6426,4767,1659,0
2015-05-09,9933,8517,1416,0
2015-05-10,9510,7574,1936,0
2015-05-11,7646,5865,1781,0
2015-05-12,12347,11020,1327,0
2015-05-13,14452,12165,2287,0
2015-05-14,5809,4877,932,0
2015-05-15,6638,5418,1220,0
2015-05-16,4504,3230,1274,0
2015-05-17,4611,3331,1280,0
2015-05-18,3187,2591,595,1
2015-05-19,4797,3266,1531,0
2015-05-20,5570,3903,1667,0
2015-05-21,4742,3780,962,0
2015-05-22,4153,2624,1529,0
2015-05-23,6795,4945,1850,0
2015-05-24,3823,2613,1210,0
2015-05-25,4027,2976,1051,0
2015-05-26,4143,2784,1359,0
2015-05-27,2961,1645,1316,0
2015-05-28,2513,1657,856,0
2015-05-29,3806,2250,1556,0
2015-05-30,4989,2986,2003,0
2015-05-31,6020,4122,1898,0
2015-06-01,3240,2368,872,0
2015-06-02,3363,1963,1400,0
2015-06-03,3576,1894,1682,0
2015-06-04,4011,2683,1328,0
2015-06-05,3321,1661,1660,0
2015-06-06,3060,2155,905,0
2015-06-07,2430,1683,747,0
2015-06-08,3408,2458,950,0
2015-06-09,4335,3448,887,0
2015-06-10,2633,1634,999,0
2015-06-11,3979,2865,1114,0
2015-06-12,4184,3206,978,0
2015-06-13,5000,4100,900,0
2015-06-14,2768,2066,702,0
2015-06-15,2083,1542,541,0
2015-06-16,2981,2383,598,0
2015-06-22,2489,1761,728,0
2015-06-23,2499,1684,815,0
2015-06-24,8710,7590,1120,0
2015-06-25,9185,8305,880,0
2015-06-26,7562,6917,645,0
2015-06-27,16407,15665,742,0
2015-06-28,14271,13667,604,0
2015-06-29,19914,18871,1043,0
2015-07-06,7292,6262,1030,0
2015-07-07,9022,3630,5392,0
2015-07-08,11234,5618,5616,0
2015-07-09,14323,10787,3536,0
2015-07-10,20196,15236,4960,0
2015-07-11,16331,11593,4738,0
2015-07-12,20688,15832,4856,0
2015-07-13,19371,15400,3971,0
2015-07-14,22198,18844,3354,0
2015-07-15,9495,7319,2176,0
2015-07-16,11207,9748,1459,0
2015-07-17,11189,7540,3649,0
2015-07-18,13655,10381,3274,0
2015-07-19,21656,16761,4895,0
2015-07-20,7514,4558,2956,0
2015-07-21,8219,5963,2256,0
2015-07-22,11983,10750,1233,0
2015-07-23,7169,4165,3004,0
2015-07-24,13249,11046,2203,0
2015-07-25,11734,10466,1268,0
2015-07-26,12844,9245,3599,0
2015-07-27,14690,6470,8220,0
2015-07-28,14413,9425,4988,0
2015-07-29,10831,6602,4229,0
2015-07-30,15739,8111,7628,0
2015-08-03,6319,3637,2682,0
2015-08-04,7178,3823,3355,0
2015-08-05,7021,3529,3492,0
2015-08-06,7126,4590,2536,0
2015-08-07,6482,3187,3295,0
2015-08-08,7814,5045,2769,0
2015-08-09,6664,3522,3142,0
2015-08-10,5819,2841,2978,0
2015-08-11,7878,4712,3166,0
2015-08-12,8689,4339,4350,0
2015-08-13,7803,4017,3786,0
2015-08-14,10688,6527,4161,0
2015-08-15,16038,11701,4337,0
2015-08-16,16235,9314,6921,0
2015-08-17,18370,11526,6844,0
2015-08-18,10016,4481,5535,0
2015-08-19,13131,5918,7213,0
2015-08-20,11758,6356,5402,0
2015-08-21,10104,3553,6551,0
2015-08-22,8418,5566,2852,0
2015-08-23,6857,3323,3534,0
2015-08-24,6176,2718,3458,0
2015-08-25,5084,2746,2338,0
2015-08-26,8525,5977,2548,0
2015-08-27,6174,3730,2444,0
2015-08-28,7531,5043,2488,0
2015-08-29,5991,4276,1715,0
2015-08-30,6047,3546,2501,0
2015-09-07,6619,3275,3344,0
2015-09-08,6072,2988,3084,0
2015-09-09,5677,3361,2316,0
2015-09-10,5021,2917,2104,0
2015-09-11,5337,3052,2285,0
2015-09-12,4860,2862,1998,0
2015-09-13,5575,3402,2173,0
2015-09-14,5798,3611,2187,0
2015-09-15,6902,4490,2412,0
2015-09-16,5091,3097,1994,0
2015-09-17,5661,3640,2021,0
2015-09-18,6474,4594,1880,0
2015-09-19,4488,3242,1246,0
2015-09-20,20937,19498,1439,0
2015-09-21,4760,2978,1782,0
2015-09-22,4771,3435,1336,0
2015-09-23,4325,2967,1358,0
2015-09-24,4503,3180,1323,0
2015-09-25,5649,3328,2321,0
2015-09-26,4425,2627,1798,0
2015-09-27,5540,2817,2723,0
2015-09-28,6387,3441,2946,0
2015-09-29,5921,4006,1915,0
2015-10-05,8051,5334,2717,0
2015-10-06,9760,5712,4048,0
2015-10-07,11065,6594,4471,0
2015-10-08,8305,5261,3044,0
2015-10-09,10538,7085,3453,0
2015-10-10,9683,7455,2228,0
2015-10-11,11176,6313,4863,0
2015-10-12,8334,6718,1616,0
2015-10-13,9694,7203,2491,0
2015-10-14,6880,5112,1768,0
2015-10-15,9243,7744,1499,0
2015-10-16,12223,10003,2220,0
2015-10-17,20810,19054,1756,0
2015-10-18,13744,11362,2382,0
2015-10-19,8353,6575,1778,0
2015-10-20,6369,4440,1929,0
2015-10-21,10321,6622,3699,0
2015-10-22,13127,10039,3088,0
2015-10-23,7057,5097,1960,0
2015-10-24,9146,8033,1113,0
2015-10-25,10387,9221,1166,0
2015-10-26,5870,4532,1338,0
2015-10-27,11750,10441,1309,0
2015-10-28,7240,4838,2402,0
2015-10-29,16384,12423,3961,0
2015-10-30,11916,8785,3131,0
2015-11-02,10759,7170,3589,0
2015-11-03,9510,6716,2794,0
2015-11-04,7144,4909,2235,0
2015-11-05,9708,6726,2982,0
2015-11-06,13119,9745,3374,0
2015-11-07,11368,9795,1573,0
2015-11-08,8344,6272,2072,0
2015-11-09,9676,7661,2015,0
2015-11-10,6984,5148,1836,0
2015-11-11,31243,29090,2153,0
2015-11-12,5915,3753,2162,0
2015-11-13,9126,7204,1922,0
2015-11-14,8854,7167,1687,0
2015-11-15,7317,5706,1611,0
2015-11-16,6691,4627,2064,0
2015-11-17,6221,4265,1956,0
2015-11-18,9162,6991,2171,0
2015-11-19,14529,6782,7747,0
2015-11-20,5530,3561,1969,0
2015-11-21,3135,2308,827,0
2015-11-22,3933,2539,1394,0
2015-11-23,4360,3229,1131,0
2015-11-24,4328,3277,1051,0
2015-11-25,5344,3353,1991,0
2015-11-26,5469,4047,1422,0
2015-11-27,16207,3340,12867,0
2015-11-28,4883,4168,715,0
2015-11-29,4841,3513,1328,0
2015-12-07,4847,3207,1640,0
2015-12-08,3420,2255,1165,0
2015-12-09,4366,3075,1291,0
2015-12-10,8976,6672,2304,0
2015-12-11,5896,2774,3122,0
2015-12-12,4299,2639,1660,0
2015-12-13,4161,2954,1207,0
2015-12-14,4987,3573,1414,0
2015-12-15,3745,2656,1089,0
2015-12-16,4641,3198,1443,0
2015-12-17,3928,2696,1232,0
2015-12-18,4658,3795,863,0
2015-12-19,4014,3325,689,0
2015-12-20,4027,3220,807,0
2015-12-21,3745,2871,874,0
2015-12-22,4280,3395,885,0
2015-12-23,4742,3903,839,0
2015-12-24,4570,2971,1599,0
2015-12-25,6475,3455,3020,0
2015-12-26,7097,6044,1053,0
2015-12-27,15196,14167,1029,0
2015-12-28,28458,27443,1015,0
2015-12-29,7642,5030,2612,0
2015-12-30,5898,3588,2310,0
2016-01-04,4092,3383,709,0
2016-01-05,5328,3707,1621,0
2016-01-06,6807,4935,1872,0
2016-01-07,4752,3212,1540,0
2016-01-08,5131,3616,1515,0
2016-01-09,6415,4549,1866,0
2016-01-10,6837,5287,1550,0
2016-01-11,8446,6885,1561,0
2016-01-12,5964,4101,1863,0
2016-01-13,5453,3501,1952,0
2016-01-14,6787,4659,2128,0
2016-01-15,11338,2836,8502,0
2016-01-16,37836,2421,35415,0
2016-01-17,8029,3009,5020,0
2016-01-18,7813,4346,3467,0
2016-01-19,6704,3576,3128,0
2016-01-20,11695,5417,6278,0
2016-01-21,7870,4444,3426,0
2016-01-22,26215,20350,5865,0
2016-01-23,25907,8218,17689,0
2016-01-24,26664,8620,18044,0
2016-01-25,34802,15857,18945,0
2016-01-26,29734,18918,10816,0
